Region,Recent Quarter Sales,YoY Forecasted Growth Rate,Q-Q Growth Percentage
Austin,$20556999,-16.50902965,-29
Janesville,$18858105,-6.201015624,-30
Scottsdale,$16254091,-8.723332716,-26
Greenville,$16109432,-15.76328311,-32
Aurora,$15168234,-16.14101509,-27
Pasco,$15144698,-13.99175906,-27
Middletown,$14924301,-13.35336876,-27
